id,path length,smoothed path length,runtime,runtime with smoothing,step size,goal bias,altitude,origin_x,origin_y,destination_x,destination_y
1560027309.095658,1877.5362312364475,1498.5633197649577,5.314519882202148,6.903815031051636,10,0.1,258.49,552288,4182078,553004,4183309
1560027940.001386,3379.9184377526635,2952.0195360795005,16.704823970794678,17.99367117881775,10,0.1,258.49,551950,4181950,554000,4184000
1560028068.515074,3335.7155238796404,2900.815352221114,16.651635885238647,17.080776929855347,10,0.1,258.49,551950,4181950,554000,4184000
1560028156.47711,3420.391258194,3017.5549266876205,18.781260013580322,19.876255989074707,10,0.1,100.0,551950,4181950,554000,4184000
